Wavel.,B2,B3,B4,B5,B6,B7,B8,B9,B10,B11,C2,C3,C4,C5,C6,C7,C8,C9,C10,C11,D2,D3,D4,D5,D6,D7,D8,D9,D10,D11,E2,E3,E4,E5,E6,E7,E8,E9,E10,E11,F2,F3,F4,F5,F6,F7,F8,F9,F10,F11,G2,G3,G4,G5,G6,G7,G8,G9,G10,G11
300,198,535,525,531,516,492,485,541,544,504,5117,5331,5289,5236,5196,5453,5323,5255,5431,5486,5224,5143,5050,5169,5202,5251,5018,5138,5215,4843,4785,4323,3981,3861,3746,3851,5561,5593,5316,5320,5403,5265,4990,4934,4846,4797,4426,4225,4154,3640,3524,3636,3679,3843,4057,4059,4457,4436,4602,4688
301,176,163,176,177,166,166,164,164,193,175,5163,5294,5391,5313,5198,5570,5339,5357,5469,5529,5135,5152,4945,5153,5180,5120,4955,4953,5199,4731,4820,4367,3993,3884,3836,3880,5810,5790,5534,5570,5569,5343,5019,5136,4961,4845,4327,4265,4214,3800,3679,3699,3767,3932,4086,4189,4411,4565,4684,4635
302,135,156,149,159,139,150,149,150,152,160,5141,5326,5325,5182,5075,5766,5326,5318,5430,5475,5216,5197,4993,5159,5198,5113,4914,5005,5092,4740,4770,4351,3963,3915,3965,3968,5872,5932,5605,5577,5620,5377,5244,5172,5039,4801,4447,4337,4289,3780,3655,3819,3818,4023,4208,4312,4526,4634,4797,4737
303,147,150,161,171,143,162,152,153,164,172,5034,5233,5326,5311,5075,5715,5334,5291,5478,5379,5112,5159,4911,5075,5105,5133,4959,5051,5139,4767,4844,4359,4078,3955,3893,4002,5965,5843,5573,5612,5729,5339,5073,5113,4988,4843,4474,4435,4283,3853,3732,3824,3962,4086,4156,4326,4589,4727,4829,4733
304,169,173,174,174,173,183,202,174,200,201,5072,5332,5279,5194,5106,5672,5382,5328,5421,5483,5146,5122,4923,5053,5101,5045,4923,5055,5092,4824,4863,4486,4226,4149,4046,4149,6081,6005,5661,5712,5753,5657,5243,5240,5038,4970,4561,4483,4490,3966,3899,3975,3995,4261,4366,4522,4699,4929,5062,4851
305,194,201,192,208,183,211,211,185,224,210,5080,5244,5281,5139,5000,5868,5329,5322,5408,5396,5118,5096,4899,5071,4996,4965,4926,4929,5101,4848,4938,4554,4252,4176,4135,4212,6116,5984,5797,5767,5828,5487,5271,5225,5010,5017,4639,4663,4484,4066,4051,4130,4129,4364,4406,4637,4826,5037,5125,5032
306,226,234,226,243,218,252,257,219,255,270,5100,5243,5230,5046,4981,5633,5246,5244,5346,5379,5052,5022,4949,5036,5040,5000,4854,4926,4993,4855,4998,4653,4433,4325,4300,4345,6284,6138,5936,5781,5926,5674,5301,5287,5084,4982,4710,4748,4635,4180,4085,4256,4325,4491,4564,4771,5061,5224,5214,5086
307,250,255,260,255,252,280,275,257,290,292,4926,5203,5181,5021,4944,5582,5186,5098,5259,5236,4978,4982,4891,4916,4941,4903,4838,4818,5006,4933,4993,4728,4517,4395,4447,4464,6183,6079,5846,5866,5902,5589,5315,5263,5083,5068,4819,4864,4778,4305,4202,4296,4441,4567,4786,4840,5160,5233,5409,5377
308,281,285,289,302,277,301,317,294,304,341,4941,5064,5124,4923,4795,5340,5098,5104,5135,5069,4866,4842,4726,4863,4762,4810,4684,4815,4984,4749,4985,4766,4519,4494,4500,4574,6146,6063,5927,5862,5792,5559,5247,5136,5017,5089,4842,4914,4794,4376,4266,4391,4475,4728,4803,4936,5163,5338,5474,5399
309,308,314,293,329,299,335,344,298,360,367,4815,5066,4950,4858,4713,5333,4917,4933,5100,5000,4782,4791,4629,4696,4850,4759,4641,4694,4920,4800,5039,4877,4721,4646,4687,4711,6226,6160,6000,5890,5804,5458,5210,5101,4981,5011,4924,5005,4939,4513,4517,4612,4618,4900,5095,5099,5428,5535,5647,5611
310,343,369,356,351,333,382,379,347,378,406,4663,4921,4876,4661,4653,5218,4889,4773,4931,4924,4692,4694,4527,4633,4709,4654,4482,4639,4786,4754,5111,4984,4804,4869,4810,4869,6257,6154,5910,5874,5856,5424,5173,5131,5059,5050,5059,5212,5159,5027,4741,4803,4791,5087,5265,5346,5675,5793,5923,5926
311,378,377,350,391,360,404,404,343,407,416,4587,4772,4799,4677,4580,5167,4744,4658,4824,4781,4568,4522,4400,4519,4552,4570,4400,4545,4699,4791,5102,5018,5049,4998,4962,5073,6196,6158,5824,5747,5759,5471,5162,5032,4948,4997,5093,5304,5372,5139,4878,4969,5093,5175,5374,5402,5818,5966,6046,5992
312,402,395,393,424,378,432,448,385,427,466,4501,4673,4646,4500,4397,4991,4578,4568,4621,4672,4527,4415,4339,4378,4468,4455,4331,4466,4692,4767,5157,5315,5160,5202,5169,5279,6156,6104,5889,5751,5669,5349,5050,4973,4919,5016,5251,5484,5435,5477,5129,5202,5259,5427,5615,5770,6050,6207,6391,6285
313,429,440,430,426,414,464,466,407,463,493,4384,4518,4531,4403,4244,4500,4459,4459,4527,4477,4295,4339,4168,4230,4320,4284,4165,4357,4581,4752,5111,5313,5337,5352,5322,5422,6170,6095,5833,5763,5726,5331,5051,4875,4911,5065,5330,5654,5644,5472,5231,5339,5389,5624,5758,5925,6124,6411,6542,6481
314,479,479,449,467,441,502,499,431,490,539,4278,4433,4407,4237,4154,4507,4362,4332,4371,4341,4203,4213,4081,4105,4178,4134,4025,4202,4510,4809,5367,5550,5574,5659,5546,5685,6180,6085,5807,5813,5738,5329,4954,4860,4915,5056,5546,5861,5931,5693,5488,5503,5719,5915,6083,6195,6487,6715,6885,6794
315,492,510,494,496,468,529,534,476,510,553,4123,4288,4209,4062,3997,4329,4186,4151,4203,4201,4044,4018,3972,4038,4094,4041,4018,4166,4499,4783,5358,5771,5826,5770,5818,5780,6143,5960,5745,5641,5643,5295,4898,4791,4836,5056,5622,6016,5951,5826,5654,5726,5874,6101,6351,6376,6685,6848,6996,6900
316,533,544,524,541,529,578,591,530,572,615,4019,4156,4166,3982,3838,4245,4012,4063,4154,4068,3955,3948,3804,3910,3969,3903,3849,4064,4401,4803,5523,5948,5989,6009,6149,6164,6077,5955,5691,5680,5590,5190,4827,4775,4771,5092,5750,6324,6344,6033,5930,6016,6083,6407,6623,6626,7040,7267,7447,7365
317,572,560,564,566,546,606,599,549,611,647,3840,4072,4032,3852,3767,4036,3924,3896,4006,3958,3839,3779,3695,3772,3801,3809,3777,3978,4330,4804,5612,6064,6045,6269,6291,6397,5991,5938,5651,5572,5542,5148,4776,4636,4801,5107,5896,6297,6506,6333,6077,6140,6345,6581,6799,6885,7210,7523,7548,7483
318,603,626,614,631,591,652,668,606,644,676,3762,3876,3877,3730,3625,3953,3766,3744,3855,3825,3728,3653,3552,3609,3703,3663,3662,3878,4322,4933,5685,6317,6382,6526,6606,6748,5981,5828,5614,5479,5392,5068,4700,4697,4705,5143,6142,6723,6741,6523,6345,6502,6694,6888,7075,7191,7574,7965,8041,7938
319,657,640,650,661,637,698,694,626,693,719,3629,3763,3751,3628,3501,3865,3664,3630,3696,3690,3618,3573,3468,3541,3541,3522,3524,3837,4291,4958,5840,6560,6766,6858,6971,7074,5931,5805,5572,5490,5403,5034,4665,4634,4614,5199,6267,6854,7131,6805,6785,6806,6982,7260,7340,7589,7901,8190,8355,8404
320,677,680,683,679,671,737,728,648,714,732,3507,3647,3575,3544,3396,3596,3474,3504,3550,3519,3471,3422,3355,3384,3434,3453,3572,3715,4213,4962,5808,6723,6879,7079,7197,7243,5798,5791,5580,5422,5321,4990,4622,4489,4637,5188,6517,7141,7271,7140,6826,7010,7210,7446,7593,7902,8237,8517,8658,8564
321,666,667,686,698,663,734,733,648,709,746,3430,3486,3529,3427,3229,3559,3383,3429,3435,3400,3344,3302,3198,3255,3332,3318,3340,3676,4154,5005,5921,6957,7056,7368,7404,7599,5759,5678,5447,5347,5300,4886,4494,4429,4633,5138,6630,7397,7566,7412,7153,7241,7445,7702,7849,8039,8494,8642,8934,8959
322,672,655,671,694,668,706,735,663,703,749,3249,3396,3370,3251,3121,3336,3248,3255,3266,3269,3241,3146,3080,3129,3226,3187,3252,3569,4146,4956,6172,7102,7509,7567,7754,7773,5717,5626,5347,5341,5207,4836,4391,4388,4577,5240,6672,7638,7814,7521,7355,7507,7745,7938,8176,8372,8845,9096,9318,9107
323,636,643,657,667,646,684,695,616,688,736,3139,3248,3212,3068,2998,3238,3111,3136,3138,3126,3088,3029,2975,3067,3089,3097,3128,3498,4147,4970,6198,7314,7668,7749,8015,8061,5693,5523,5336,5238,5169,4705,4364,4253,4449,5193,6884,7775,8144,7445,7579,7782,7905,8215,8500,8681,9124,9454,9556,9445
324,611,614,610,639,601,669,667,622,667,697,2979,3064,3058,2944,2846,2995,2919,2952,3019,2998,2964,2885,2813,2899,2967,2961,3055,3409,4126,5048,6368,7609,7962,8076,8322,8322,5497,5413,5232,5134,4995,4546,4266,4185,4458,5354,7108,8118,8364,8031,7716,8142,8070,8521,8918,8975,9438,9725,10001,9777
325,579,579,557,577,573,607,624,556,625,643,2897,2950,2918,2842,2757,3001,2808,2782,2839,2833,2795,2730,2704,2764,2840,2855,2926,3314,4027,5024,6365,7752,8174,8352,8450,8562,5346,5364,5145,5002,4964,4528,4123,4083,4401,5268,7204,8154,8528,7955,7914,8183,8319,8782,9185,9144,9759,9961,10255,10017
326,529,544,516,542,518,588,570,502,585,604,2715,2816,2779,2653,2548,2828,2669,2666,2695,2682,2718,2597,2554,2610,2731,2724,2825,3225,4007,5076,6504,7873,8265,8660,8681,8869,5333,5270,5071,4885,4832,4372,4075,3958,4357,5229,7298,8450,8786,8360,8246,8469,8508,8929,9313,9440,10080,10361,10478,10550
327,487,499,484,500,462,540,533,485,543,551,2614,2663,2610,2479,2466,2639,2491,2539,2562,2521,2520,2489,2426,2514,2565,2597,2693,3102,3923,5091,6612,8228,8539,8889,8968,9109,5302,5120,4911,4847,4661,4284,3959,3936,4266,5241,7408,8878,9044,8315,8397,8689,8842,9279,9449,9614,10269,10609,10760,10517
328,456,460,455,482,441,502,510,438,499,528,2463,2509,2530,2431,2398,2393,2387,2370,2418,2413,2394,2374,2320,2397,2462,2503,2584,3063,3899,5072,6747,8260,8813,9111,9150,9363,5080,5048,4759,4668,4627,4220,3867,3810,4220,5330,7719,8968,9306,8929,8690,8895,9121,9598,9921,10117,10550,11053,11259,11175
329,439,440,426,434,429,485,475,424,468,500,2364,2455,2398,2344,2363,2400,2286,2302,2333,2317,2321,2299,2237,2271,2373,2408,2503,3018,3838,5098,6828,8517,9033,9333,9486,9715,4996,4886,4733,4585,4474,4104,3827,3758,4197,5260,7846,8998,9430,8925,8630,8981,9245,9501,9970,10237,10801,11039,11381,11254
330,411,422,410,432,401,432,454,395,455,476,2256,2314,2250,2198,2248,2207,2180,2168,2209,2178,2183,2145,2133,2166,2268,2332,2426,2935,3766,5144,6907,8608,9214,9518,9729,9787,4876,4833,4708,4475,4378,3991,3746,3685,4177,5304,7860,9225,9685,8860,8882,9276,9448,9865,10214,10494,11007,11307,11583,11425
331,406,399,384,403,382,412,438,374,419,453,2127,2219,2129,2060,2118,2078,2043,2072,2073,2075,2100,2054,2002,2067,2155,2238,2318,2825,3764,5122,6986,8800,9352,9475,9682,9995,4808,4670,4490,4398,4299,3974,3624,3606,4075,5205,7886,9320,9721,9092,9035,9317,9748,10087,10197,10614,11225,11577,11689,11532
332,381,388,364,396,358,406,397,363,413,446,2000,2098,2065,1942,2023,1991,1986,1975,2012,2026,2000,1935,1888,2012,2048,2132,2255,2774,3822,5180,7037,8872,9448,9767,10010,10062,4637,4565,4420,4300,4213,3862,3590,3592,4007,5257,8040,9548,9975,9180,9122,9475,9827,10103,10435,10812,11540,11786,11767,11824
333,357,368,362,357,357,387,380,342,393,403,1943,2004,1941,1933,1929,1915,1858,1870,1877,1879,1917,1864,1846,1880,1968,2084,2174,2726,3707,5150,7035,8879,9517,10027,10041,10197,4512,4456,4259,4129,4014,3720,3437,3465,3990,5213,7934,9423,9982,9688,9113,9640,9859,10277,10580,10897,11540,11906,12125,11885
334,340,349,327,353,328,373,372,320,367,380,1836,1863,1877,1793,1764,1818,1787,1795,1804,1793,1790,1755,1771,1802,1899,1970,2122,2628,3667,5127,7172,9106,9701,9994,10211,10560,4487,4366,4171,4036,3923,3604,3353,3351,3915,5144,8124,9601,10096,9396,9339,9567,9977,10429,10686,10929,11667,12112,12360,12289
335,317,331,322,325,311,353,342,316,339,365,1734,1760,1771,1648,1641,1694,1661,1652,1701,1693,1713,1695,1694,1701,1803,1890,2053,2597,3642,5174,7124,9006,9804,10084,10168,10335,4318,4248,4050,3962,3882,3570,3290,3302,3823,5094,8080,9737,10258,9513,9414,9684,9975,10441,10912,11142,11796,12120,12471,12238
336,299,302,300,308,292,322,336,290,331,361,1651,1710,1679,1639,1525,1585,1564,1594,1597,1635,1612,1593,1592,1650,1694,1840,1967,2501,3553,5042,7036,8986,9720,10155,10278,10526,4187,4089,3890,3848,3747,3426,3125,3266,3701,5085,7980,9736,10178,9557,9409,9814,10084,10431,10880,11060,11758,12236,12311,12060
337,295,294,274,292,273,309,317,269,320,323,1587,1590,1559,1528,1463,1568,1520,1513,1517,1520,1515,1514,1473,1581,1636,1711,1861,2452,3525,5033,7129,9146,9731,10110,10296,10548,4029,3957,3827,3684,3650,3344,3048,3109,3635,4982,8205,9734,10157,9654,9471,9785,10048,10591,10798,11157,11809,12046,12462,12216
338,273,281,266,285,255,282,292,253,304,309,1514,1503,1493,1408,1373,1486,1418,1430,1422,1447,1432,1433,1407,1501,1550,1661,1822,2386,3442,4949,7066,9045,9656,10176,10169,10527,3890,3849,3692,3593,3525,3211,2973,3051,3536,4943,8046,9727,10120,9447,9453,9743,10138,10437,10932,11134,11693,12022,12362,12258
339,247,254,255,262,238,265,277,241,281,298,1418,1439,1418,1327,1325,1359,1328,1337,1360,1367,1389,1358,1336,1414,1486,1572,1754,2316,3334,4905,6915,9016,9477,10060,10115,10524,3766,3701,3573,3453,3339,3060,2826,2969,3537,4820,7933,9574,10140,9176,9211,9649,9929,10421,10799,11070,11550,12113,12294,12217
340,239,241,231,242,228,253,262,243,267,275,1319,1372,1344,1261,1221,1290,1261,1291,1290,1289,1300,1263,1280,1330,1461,1504,1682,2230,3304,4888,6936,8957,9541,10048,10160,10397,3686,3589,3451,3314,3248,2963,2778,2838,3369,4854,7988,9534,10016,9302,9193,9652,9931,10428,10636,10939,11628,11958,12379,12158
341,223,222,217,234,213,234,247,217,244,252,1249,1287,1252,1207,1166,1194,1219,1196,1211,1208,1227,1199,1211,1279,1352,1472,1605,2168,3255,4806,6817,8924,9582,9950,10132,10305,3503,3434,3308,3258,3129,2822,2711,2757,3315,4730,7918,9479,10033,9190,9252,9526,9790,10283,10623,10799,11642,11957,12386,12094
342,213,219,203,219,201,222,229,202,228,231,1185,1194,1204,1159,1107,1159,1148,1157,1145,1154,1165,1133,1150,1215,1285,1392,1579,2125,3203,4752,6755,8853,9379,9798,10037,10040,3372,3380,3154,3097,3045,2762,2581,2702,3255,4633,7801,9384,9992,9370,9118,9492,9839,10166,10448,10714,11462,11722,12106,11819
343,195,193,198,203,183,204,214,191,214,219,1126,1158,1125,1097,1032,1069,1075,1093,1096,1077,1112,1080,1086,1131,1239,1341,1509,2092,3152,4667,6784,8786,9520,9858,10019,10054,3243,3215,3056,2957,2903,2667,2462,2598,3169,4584,7713,9361,9835,9047,9106,9373,9700,10259,10401,10785,11424,11801,11919,11788
344,189,184,181,184,171,193,201,177,201,205,1057,1081,1067,1032,995,1009,1019,1026,1042,1047,1024,1045,1044,1091,1167,1271,1464,2011,3062,4527,6586,8665,9233,9741,9821,10021,3205,3060,2960,2853,2819,2588,2395,2518,3084,4470,7569,9236,9759,8973,8987,9216,9522,10025,10335,10603,11215,11631,11937,11680
345,171,173,172,180,165,189,190,165,192,197,1000,1014,1006,986,933,973,978,983,997,996,975,989,982,1064,1125,1222,1385,1961,2983,4596,6563,8582,9014,9587,9718,9870,3023,2967,2871,2767,2667,2506,2327,2455,2968,4354,7428,9057,9526,9029,8840,9136,9495,9783,10174,10553,11060,11474,11670,11501
346,163,165,157,167,154,170,173,153,185,184,943,986,956,947,895,943,915,929,941,934,946,912,943,996,1060,1155,1340,1871,2955,4512,6475,8424,8840,9510,9584,9830,2919,2870,2740,2680,2610,2387,2280,2403,2950,4311,7352,9016,9512,8701,8788,8963,9265,9760,10117,10370,10984,11232,11607,11240
347,156,154,149,155,144,158,166,149,162,173,883,942,915,873,843,847,867,894,895,904,887,879,886,956,1021,1131,1314,1852,2878,4338,6407,8311,8902,9373,9487,9627,2821,2765,2639,2527,2515,2362,2158,2327,2844,4311,7263,8871,9328,8655,8561,8883,9317,9528,9880,10251,10886,11215,11451,11233
348,143,145,142,142,137,150,157,140,158,157,847,887,875,839,805,830,814,849,835,852,850,843,868,916,983,1084,1260,1808,2821,4249,6167,8197,8757,9221,9418,9603,2710,2661,2523,2458,2433,2257,2112,2249,2760,4131,7169,8745,9263,8425,8499,8716,9079,9455,9782,10055,10637,11046,11377,10811
349,135,135,125,132,120,143,143,121,138,149,822,825,817,791,745,777,793,808,814,813,798,792,822,869,932,1045,1227,1758,2720,4161,6176,8060,8626,9112,9346,9376,2571,2532,2420,2361,2326,2169,2036,2158,2730,4075,6982,8587,9102,8469,8295,8603,8974,9337,9629,9840,10541,10802,11206,10955
350,123,125,118,124,116,135,136,120,141,137,764,795,794,752,722,739,748,750,755,774,777,774,788,828,903,1015,1182,1717,2693,4134,6129,7777,8453,8967,9045,9298,2491,2473,2385,2265,2262,2071,1973,2113,2631,3974,6876,8282,8906,8362,8162,8488,8836,9187,9475,9619,10325,10692,10811,10639
351,116,115,113,119,111,122,125,105,127,128,733,742,753,720,684,702,701,720,736,731,717,728,743,801,883,967,1141,1678,2626,4035,5911,7802,8326,8795,8877,9127,2415,2361,2262,2197,2136,1998,1898,2017,2567,3833,6768,8293,8798,8129,8083,8378,8667,8942,9355,9563,10198,10594,10729,10532
352,101,107,106,114,107,112,118,104,123,123,699,719,707,689,643,670,662,698,685,695,699,694,711,772,818,929,1092,1600,2572,3970,5713,7685,8234,8610,8833,8816,2276,2285,2183,2118,2061,1936,1831,1994,2515,3753,6530,8154,8634,7864,7887,8146,8435,8902,9144,9548,9933,10350,10517,10319
353,97,101,101,100,96,108,112,98,113,113,658,680,672,656,623,644,632,666,658,668,659,665,683,723,798,900,1063,1576,2516,3865,5646,7513,8058,8359,8601,8726,2215,2213,2078,2038,1994,1828,1759,1899,2403,3729,6426,7959,8326,7931,7707,8055,8269,8728,9000,9176,9803,10094,10336,10158
354,97,95,90,89,89,101,102,91,110,106,626,646,627,622,584,596,606,633,633,644,626,631,637,688,752,862,1034,1515,2415,3770,5539,7321,7831,8235,8381,8605,2152,2093,1995,1940,1911,1775,1683,1845,2340,3566,6320,7790,8256,7645,7591,7843,8148,8455,8781,8976,9560,9896,10139,10000
355,89,89,88,87,84,94,95,90,100,97,595,608,604,584,560,581,587,592,595,605,600,605,606,671,731,831,983,1489,2386,3686,5502,7194,7701,8070,8212,8367,2059,2008,1922,1875,1864,1704,1618,1794,2243,3502,6204,7634,8039,7299,7375,7707,7993,8303,8518,8890,9466,9690,9953,9737
356,84,80,84,87,80,89,91,82,92,97,551,585,569,557,538,548,563,572,581,585,569,580,596,638,711,811,937,1445,2296,3556,5256,7009,7562,7836,8028,8182,1964,1926,1836,1785,1775,1650,1578,1725,2232,3365,6096,7396,7797,7325,7211,7476,7848,8113,8521,8723,9137,9541,9649,9627
357,75,77,73,81,77,78,81,73,87,88,538,551,551,541,508,514,519,541,545,533,546,544,554,614,674,761,916,1380,2257,3517,5088,6884,7387,7656,7875,7957,1848,1831,1745,1705,1688,1566,1499,1684,2144,3292,5896,7239,7652,7069,7017,7393,7567,7934,8197,8452,9035,9245,9489,9338
358,78,70,69,71,66,75,81,69,83,86,512,527,517,506,474,490,501,531,518,530,526,525,531,603,642,740,877,1349,2162,3401,5048,6697,7102,7453,7628,7778,1818,1787,1708,1675,1635,1527,1456,1626,2072,3175,5788,7026,7483,6936,6874,7066,7434,7694,7986,8254,8700,8930,9074,9017
359,67,67,66,74,67,69,71,65,80,74,482,498,482,480,451,464,470,491,490,502,506,503,522,560,626,704,849,1303,2113,3290,4877,6548,6996,7337,7425,7623,1706,1706,1635,1580,1555,1472,1398,1535,1988,3123,5612,6905,7284,6867,6649,7051,7164,7465,7752,8037,8532,8814,8919,8781
360,63,68,64,68,61,68,66,59,69,75,454,479,464,456,434,448,454,464,469,480,472,474,498,543,596,697,827,1245,2039,3199,4820,6335,6766,7136,7276,7372,1648,1618,1561,1510,1499,1392,1352,1527,1947,3038,5510,6718,7068,6560,6562,6845,6962,7379,7489,7695,8091,8481,8838,8593
361,56,59,61,60,58,62,64,58,63,68,438,454,452,449,417,426,435,452,443,462,448,467,469,521,570,658,799,1214,1980,3082,4610,6118,6630,6927,7016,7230,1561,1545,1487,1445,1456,1359,1302,1447,1854,2901,5264,6423,6837,6349,6321,6619,6813,7079,7322,7480,8000,8278,8531,8440
362,55,52,54,57,55,57,61,55,63,64,418,440,420,411,402,412,423,435,429,436,426,432,448,490,557,632,769,1181,1936,3063,4478,6049,6433,6713,6908,6942,1515,1483,1421,1363,1376,1291,1250,1396,1813,2855,5076,6228,6758,6247,6149,6367,6638,6937,7158,7296,7740,8037,8336,8147
363,53,50,55,53,48,56,56,49,59,57,399,408,419,404,380,375,401,414,416,418,416,417,429,482,525,619,735,1135,1863,2953,4326,5778,6266,6526,6707,6696,1445,1432,1369,1331,1320,1238,1210,1324,1758,2748,4942,6064,6465,5996,5904,6128,6395,6708,6930,7152,7606,7814,8008,7870
364,50,50,52,49,46,51,53,47,59,53,386,390,391,379,355,353,379,395,394,398,384,402,424,463,506,590,710,1102,1827,2866,4159,5668,5997,6359,6399,6537,1393,1355,1313,1260,1272,1171,1154,1296,1691,2656,4796,5918,6206,5803,5786,6036,6221,6512,6715,6896,7391,7591,7756,7598
365,45,45,49,50,43,50,48,47,52,50,361,370,370,356,342,338,360,375,375,386,378,388,398,441,486,576,684,1064,1730,2758,4077,5398,5879,6130,6195,6385,1315,1291,1257,1204,1201,1120,1090,1247,1621,2569,4657,5710,6051,5571,5593,5848,6001,6315,6520,6755,7161,7382,7536,7415
366,42,45,45,44,38,44,46,43,49,48,341,362,365,349,337,326,344,361,357,377,368,374,385,420,474,542,659,1022,1700,2662,3954,5334,5603,5902,6072,6098,1266,1246,1199,1152,1154,1094,1066,1197,1576,2515,4571,5624,5829,5553,5423,5637,5862,6073,6327,6499,6990,7156,7288,7202
367,43,40,40,41,36,43,43,41,46,47,341,343,340,334,319,304,339,348,346,351,350,359,366,416,456,527,640,988,1646,2577,3831,5127,5504,5781,5863,5964,1208,1204,1145,1117,1109,1020,1017,1153,1526,2425,4383,5370,5709,4989,5211,5424,5665,5881,6193,6347,6661,6868,7103,6843
368,39,41,39,42,37,39,41,36,44,43,307,325,324,319,306,291,319,337,333,335,336,346,356,392,441,505,615,954,1579,2484,3718,4924,5328,5550,5622,5802,1150,1137,1085,1066,1049,986,978,1092,1442,2319,4192,5251,5561,5000,5072,5285,5479,5734,5894,6126,6379,6660,6814,6662
369,37,35,37,37,33,36,39,33,41,37,305,314,311,315,289,281,312,330,316,320,325,327,339,380,417,492,593,935,1541,2431,3581,4823,5143,5489,5445,5584,1106,1095,1046,1026,1021,950,938,1048,1397,2254,4026,5019,5359,4954,4891,5148,5258,5509,5731,5843,6181,6423,6566,6500
370,36,36,33,34,34,36,36,31,40,38,287,306,293,293,284,270,292,314,313,316,311,326,328,368,404,469,568,888,1475,2362,3496,4648,4951,5195,5250,5387,1070,1037,1004,984,974,927,896,1032,1354,2216,3934,4841,5257,4785,4761,4963,5135,5411,5503,5701,6075,6223,6375,6374
371,32,33,33,34,28,34,37,32,37,37,279,288,287,293,270,270,287,300,304,310,299,305,314,362,384,453,549,865,1444,2304,3392,4519,4830,4941,5160,5222,1027,995,955,919,934,881,862,982,1287,2086,3813,4716,4996,4447,4607,4756,4929,5155,5389,5525,5887,6112,6198,6101
372,32,33,29,33,28,30,32,32,35,35,269,283,279,269,265,253,278,293,289,296,292,301,305,346,384,440,549,841,1394,2191,3249,4360,4648,4876,4992,5065,967,960,913,892,888,847,833,951,1269,2032,3691,4585,4860,4287,4481,4611,4809,5017,5228,5365,5673,5905,6014,5889
373,28,31,30,30,28,31,31,31,33,32,259,270,273,259,251,241,268,283,285,285,279,289,298,326,368,428,525,816,1344,2131,3167,4161,4477,4688,4787,4894,937,917,876,870,853,806,805,916,1207,1946,3546,4455,4687,4128,4276,4501,4655,4791,4999,5164,5488,5650,5830,5652
374,27,28,30,31,26,27,28,26,34,31,248,264,261,253,238,231,260,276,273,271,272,280,291,323,354,415,502,788,1297,2057,3043,4037,4385,4559,4672,4728,875,868,848,830,813,785,774,888,1177,1913,3459,4261,4532,3963,4226,4338,4480,4673,4874,5060,5333,5473,5632,5455
375,29,27,28,27,27,29,29,27,30,29,240,252,249,244,238,225,254,271,266,270,260,272,276,310,349,400,484,764,1256,1993,2973,3872,4218,4407,4521,4536,838,823,798,788,789,740,729,851,1120,1821,3301,4106,4348,3900,4010,4127,4306,4512,4672,4862,5063,5239,5442,5365
376,27,24,27,25,25,24,27,24,29,29,234,245,236,241,229,218,245,263,253,262,256,263,267,306,328,380,473,732,1205,1910,2785,3775,3981,4276,4309,4370,805,798,768,748,744,702,717,800,1079,1722,3171,3918,4193,3782,3840,4026,4163,4336,4565,4638,4892,5074,5158,5100
377,25,22,27,27,24,27,25,23,28,28,222,235,234,237,220,216,237,253,244,252,246,255,264,292,323,373,450,709,1174,1853,2732,3625,3926,4075,4131,4279,768,766,733,714,725,691,670,775,1041,1682,3124,3770,4062,3519,3752,3918,4040,4224,4330,4491,4720,4915,5051,4955
378,23,23,23,23,22,25,23,23,28,25,216,227,223,227,210,213,230,248,241,249,240,246,254,283,313,368,439,672,1119,1760,2611,3492,3737,3969,4003,4094,726,728,706,684,683,656,651,746,985,1597,2969,3626,3892,3358,3585,3775,3875,4051,4195,4320,4556,4740,4826,4732
379,24,23,23,22,23,24,26,23,24,26,213,218,224,223,206,202,227,240,233,240,237,242,251,273,298,356,425,652,1084,1717,2548,3357,3591,3797,3919,3975,697,707,673,656,655,624,621,723,965,1547,2864,3512,3789,3208,3477,3565,3691,3855,4015,4217,4432,4541,4651,4562
380,22,23,21,24,21,22,23,23,25,24,207,210,213,210,201,200,213,240,225,236,232,231,243,263,289,341,409,631,1050,1625,2418,3248,3438,3672,3687,3759,673,653,641,627,635,600,598,693,921,1489,2740,3412,3635,3048,3307,3469,3549,3726,3857,3960,4211,4291,4525,4419
381,22,19,22,22,19,22,19,21,24,24,200,210,210,213,202,196,217,234,226,230,220,229,236,260,293,335,395,624,1020,1591,2316,3130,3333,3517,3588,3652,647,633,601,593,613,569,578,658,900,1463,2645,3258,3504,2995,3221,3306,3448,3612,3705,3882,4119,4205,4288,4289
382,21,19,20,22,19,21,22,19,24,22,193,206,203,203,199,198,207,228,213,218,217,224,230,257,277,323,390,603,964,1511,2216,3009,3219,3389,3438,3473,617,601,586,571,581,536,549,624,850,1371,2526,3114,3307,2868,3068,3219,3264,3445,3568,3685,3886,4006,4108,3986
383,20,19,19,22,18,22,19,20,22,22,190,200,199,201,191,188,205,226,217,214,209,215,226,249,277,312,371,583,937,1461,2176,2896,3081,3211,3281,3384,588,579,552,548,564,531,527,599,813,1313,2418,3017,3203,2861,2935,3076,3187,3284,3446,3565,3743,3825,3936,3914
384,20,19,19,19,16,19,17,19,22,20,182,192,189,194,182,188,200,217,204,214,201,211,218,243,259,298,364,554,894,1397,2080,2738,2918,3081,3150,3189,551,541,528,511,518,496,499,576,783,1248,2299,2874,3064,2664,2811,2920,3024,3169,3259,3370,3604,3680,3803,3724
385,21,17,17,17,17,17,18,17,21,20,178,187,185,187,175,182,197,209,201,204,198,208,211,233,252,299,348,528,864,1338,1977,2625,2822,2937,3005,3073,526,517,494,495,508,477,476,544,745,1204,2227,2741,2941,2585,2671,2774,2936,3043,3145,3226,3422,3562,3650,3519
386,18,17,17,17,17,18,17,18,20,18,170,184,183,180,173,177,195,205,196,202,194,205,207,229,249,285,334,503,809,1272,1878,2510,2678,2800,2843,2895,492,491,473,468,475,458,461,507,709,1137,2141,2605,2770,2515,2600,2708,2786,2878,2996,3072,3216,3357,3448,3375
387,18,17,17,17,15,18,18,18,18,20,165,170,173,179,171,166,194,199,194,195,190,196,199,225,246,271,325,490,783,1209,1768,2348,2565,2676,2739,2782,467,469,451,445,447,440,429,492,663,1083,1985,2503,2647,2339,2436,2537,2624,2747,2845,2913,3080,3188,3237,3219
388,16,17,15,17,15,17,18,15,18,18,166,171,172,172,168,164,183,200,188,194,185,193,198,215,229,264,316,472,765,1168,1722,2278,2452,2544,2628,2634,445,447,430,423,425,412,406,472,648,1047,1919,2356,2563,2281,2305,2440,2477,2629,2719,2804,2955,3038,3121,3099
389,16,14,16,15,14,16,16,16,19,18,155,164,169,167,165,159,173,197,184,189,183,191,191,212,232,260,305,450,715,1127,1637,2183,2340,2462,2522,2530,434,426,404,399,412,386,390,458,622,1003,1854,2270,2421,2208,2230,2355,2384,2510,2596,2688,2820,2946,3019,2981
390,16,16,16,15,15,16,14,17,18,16,156,164,167,167,162,153,180,194,178,182,180,185,185,204,222,255,288,435,684,1066,1560,2088,2229,2346,2364,2446,408,395,396,372,384,379,382,433,592,946,1749,2170,2331,2038,2107,2173,2271,2393,2485,2567,2707,2764,2848,2785
391,16,15,15,15,14,16,16,15,16,16,150,158,162,158,158,150,169,187,177,176,170,178,183,203,216,247,282,424,657,1020,1491,1983,2105,2236,2259,2337,384,383,367,365,364,364,360,422,563,902,1679,2069,2212,1961,2013,2089,2174,2293,2371,2436,2574,2681,2715,2676
392,15,13,13,15,15,14,14,14,16,16,147,153,154,157,153,147,169,183,171,178,167,174,179,198,214,238,277,400,639,980,1437,1879,2042,2140,2191,2245,371,366,360,350,351,350,346,397,543,871,1615,1963,2100,1890,1950,2009,2094,2196,2257,2355,2490,2591,2600,2546
393,13,13,16,15,15,13,13,14,15,16,144,154,150,156,147,147,169,181,166,172,163,169,176,189,207,234,265,389,608,936,1361,1817,1938,2037,2040,2107,348,341,338,332,339,329,324,377,510,829,1521,1886,1988,1826,1851,1934,1994,2092,2135,2201,2360,2399,2473,2453
394,14,13,14,14,13,13,13,15,15,16,143,143,148,153,148,139,156,172,168,169,161,170,173,191,201,230,261,377,592,891,1310,1740,1860,1956,1967,2022,339,334,322,320,322,312,311,368,488,804,1470,1798,1934,1741,1765,1863,1918,2029,2067,2108,2266,2321,2412,2344
395,14,13,16,15,13,14,13,13,15,15,138,142,144,148,139,145,157,170,166,169,158,171,170,185,195,221,253,356,566,853,1261,1690,1792,1842,1893,1940,321,318,310,301,310,298,294,352,465,757,1420,1729,1844,1638,1665,1761,1829,1919,1981,2031,2141,2190,2297,2224
396,16,14,14,13,12,14,13,13,14,16,133,138,143,150,137,142,153,165,155,162,153,166,166,179,189,215,242,348,530,825,1187,1582,1689,1770,1808,1814,306,295,285,288,294,286,284,325,443,716,1337,1651,1777,1583,1627,1693,1749,1843,1892,1953,2073,2151,2180,2157
397,14,13,13,13,12,15,13,14,14,16,134,141,141,144,138,137,148,167,158,155,153,164,162,176,187,215,240,338,526,790,1137,1524,1620,1712,1727,1740,292,289,273,276,282,276,277,315,442,687,1282,1583,1678,1540,1537,1622,1688,1754,1820,1863,1941,2025,2077,2060
398,15,13,13,13,13,13,13,13,14,16,132,135,139,140,138,136,148,168,154,155,149,162,157,175,187,207,233,322,498,758,1124,1466,1567,1662,1654,1707,284,278,277,268,271,266,271,307,414,676,1235,1535,1625,1467,1516,1551,1646,1687,1727,1799,1898,1960,2013,2001
399,14,14,14,13,13,13,12,13,15,15,130,134,135,141,140,134,150,162,154,156,147,157,164,176,182,204,225,318,489,750,1072,1431,1518,1600,1640,1655,277,273,262,259,266,259,254,299,409,654,1192,1493,1575,1456,1442,1527,1554,1636,1669,1726,1829,1898,1956,1895
400,16,13,15,13,13,15,12,14,15,16,130,134,138,142,142,129,148,166,155,156,148,162,159,179,186,213,223,320,480,732,1045,1391,1509,1556,1575,1609,273,261,261,255,257,254,253,300,390,643,1158,1436,1549,1394,1410,1464,1511,1598,1658,1698,1781,1862,1897,1891
401,15,12,13,12,11,14,13,11,13,15,121,119,124,128,125,122,137,149,137,140,136,141,144,165,163,187,208,286,436,637,922,1245,1334,1380,1397,1419,237,237,225,223,230,220,221,255,351,557,1031,1273,1352,1219,1240,1297,1344,1407,1440,1488,1590,1631,1654,1627
402,15,13,11,12,13,13,11,13,14,18,120,121,123,128,130,116,137,151,138,138,136,146,137,160,164,193,200,276,420,634,889,1194,1281,1344,1338,1390,230,224,222,215,219,212,218,251,340,532,1000,1238,1329,1199,1217,1264,1325,1357,1414,1459,1548,1596,1658,1606
403,15,13,13,12,11,15,12,11,14,15,118,120,126,128,129,114,137,150,143,141,139,146,146,153,161,198,198,277,418,618,886,1159,1252,1309,1332,1352,221,224,220,211,222,212,218,248,342,547,987,1235,1296,1196,1200,1255,1293,1346,1400,1431,1523,1584,1621,1580
404,15,12,12,11,13,17,12,13,15,17,116,120,120,125,126,119,138,149,139,146,132,144,147,156,160,190,195,268,404,592,853,1129,1207,1262,1284,1300,219,220,208,213,210,205,210,237,325,512,948,1165,1251,1148,1162,1206,1242,1291,1329,1369,1466,1497,1558,1518
405,14,13,13,13,11,15,11,13,14,19,115,120,117,122,118,116,134,146,133,136,135,140,146,152,160,190,190,258,381,570,823,1058,1164,1196,1210,1252,209,205,197,202,201,197,203,229,307,490,907,1118,1197,1087,1078,1129,1187,1236,1270,1298,1369,1440,1468,1432
406,18,13,13,14,10,15,11,14,15,18,111,117,121,122,118,117,127,143,135,135,134,141,142,150,160,192,188,254,374,553,793,1064,1127,1166,1184,1207,201,201,195,195,200,191,194,227,305,470,870,1073,1146,1061,1045,1118,1149,1193,1239,1280,1355,1375,1415,1412
407,16,14,13,11,13,18,12,13,13,19,114,118,119,123,121,118,126,146,135,137,128,141,143,154,155,189,187,249,369,538,764,1020,1079,1129,1141,1163,197,196,189,192,192,185,196,221,289,461,846,1029,1108,1037,1026,1072,1121,1137,1191,1243,1303,1345,1366,1348
408,18,14,11,13,12,17,13,13,15,21,114,118,116,120,116,118,127,145,131,137,132,138,143,149,157,193,182,244,361,513,744,987,1041,1074,1097,1113,193,186,185,182,182,178,180,210,277,447,821,1003,1066,983,975,1034,1061,1093,1148,1169,1251,1303,1331,1295
409,16,13,14,11,13,18,13,13,13,19,112,113,117,119,116,113,131,139,133,136,128,139,138,148,151,191,179,235,341,498,725,928,993,1047,1043,1068,182,179,175,178,173,170,178,207,265,429,780,967,1020,947,937,993,1014,1051,1094,1118,1202,1227,1258,1248
410,19,11,13,11,13,18,11,13,14,21,106,113,113,117,120,111,123,147,128,132,129,135,135,145,152,185,173,236,342,490,700,894,964,1009,1026,1056,173,171,173,168,172,170,167,195,269,415,753,928,1003,928,915,962,996,1043,1047,1098,1160,1180,1223,1204
411,16,14,14,13,14,18,13,13,14,22,109,112,114,120,110,110,129,141,126,130,126,134,132,147,153,186,173,222,332,462,658,869,920,962,976,988,169,166,164,163,169,161,161,188,253,397,717,886,949,897,870,913,939,984,1012,1041,1106,1140,1177,1157
412,17,13,14,12,13,19,13,14,14,22,109,110,112,114,113,108,124,137,126,127,123,135,132,142,149,190,170,219,312,446,626,845,893,930,933,951,164,169,161,162,164,155,164,182,246,386,698,864,923,843,843,897,899,961,985,1008,1071,1111,1124,1109
413,18,13,13,14,13,19,13,13,13,22,105,107,110,116,114,107,122,138,130,128,124,137,129,139,146,180,168,216,298,428,603,786,856,887,892,904,155,156,154,156,156,147,161,177,236,368,672,819,877,818,802,843,865,908,933,965,1008,1049,1080,1063
414,17,14,12,13,12,18,11,13,15,22,103,107,109,114,110,104,123,134,123,126,121,131,129,141,141,181,165,214,301,416,590,766,816,848,858,881,149,152,150,144,148,144,148,170,225,357,640,805,848,787,772,814,840,863,910,927,976,1016,1029,1016
415,19,14,11,12,11,21,12,12,14,21,103,101,105,111,111,102,119,131,118,121,121,131,130,142,142,178,156,198,284,393,556,718,789,807,806,837,147,144,147,145,144,141,144,163,218,335,610,746,787,762,733,770,796,820,861,885,923,955,995,975
416,18,14,13,11,13,20,12,14,13,21,98,102,103,109,108,102,118,133,120,123,120,132,129,137,142,177,156,200,273,389,537,702,764,773,790,804,142,139,140,139,144,138,142,162,207,328,589,729,765,727,705,749,776,798,832,859,899,926,961,939
417,17,14,15,12,12,20,12,13,15,23,98,101,103,106,107,105,111,126,119,120,119,126,126,136,143,177,152,193,266,365,518,675,741,739,753,765,137,137,135,137,136,134,140,151,202,311,564,691,733,701,676,725,740,765,784,820,864,881,924,904
418,18,14,14,12,12,20,12,14,14,23,97,104,100,106,102,98,116,131,119,119,120,127,127,137,141,177,154,191,256,356,495,643,695,697,724,737,132,133,127,130,130,133,132,150,189,299,549,664,710,662,646,684,705,738,754,777,823,841,862,852
419,20,14,14,12,11,20,12,14,16,21,93,97,103,104,105,100,114,130,114,121,117,124,126,134,139,173,154,188,247,348,480,615,679,683,700,698,133,129,126,128,127,125,128,148,188,289,516,634,668,627,625,669,679,707,734,760,805,819,845,820
420,19,14,13,13,13,21,11,15,15,21,98,97,105,105,103,97,109,128,114,118,114,123,127,135,137,170,143,186,244,325,456,586,634,651,666,672,126,123,123,125,125,123,128,141,181,279,500,610,649,602,601,631,653,678,692,711,764,792,810,791
