Wavel.,B6,B7,B8,B9,B10,B11,D2,D3,D4,D5,D6,D7,D8,D9,D10,D11,C2,C3,C4,C5,C6,C7,C8,C9,C10,C11,B2,B3,B4,B5,G8,G9,E2,E3,E4,E5,E6,E7,E8,E9,E10,E11,F2,F3,F4,F5,F6,F7,F8,F9,F10,F11,G2,G3,G4,G5,G6,G7
300,1010,945,1015,838,955,938,5221,5309,5295,5180,5239,5211,5446,5418,5336,5256,5618,5412,5595,5556,5584,5627,5620,5527,5366,5309,4735,4861,4896,4805,4351,4288,4852,4996,5029,4999,5261,5223,5236,5210,5097,5051,5216,4927,4982,4914,4959,4819,4817,4560,4456,4390,4030,4174,4236,4309,4621,4471
301,176,178,190,195,197,189,5161,5193,5063,5069,5200,5090,5177,5167,5100,5047,5369,5116,5261,5275,5339,5213,5256,5347,5145,5088,4746,4458,4547,4695,4237,4340,4627,4815,4810,4796,5037,5072,5059,4968,4914,4784,4912,4667,4785,4618,4684,4472,4549,4447,4201,4152,4117,3992,4036,4216,4359,4236
302,169,178,186,178,186,171,5145,5186,5057,5079,5202,4949,5181,5239,5000,5050,5351,5167,5314,5292,5313,5124,5233,5224,5089,5150,4862,4610,4646,4689,4369,4439,4655,4774,4848,4825,5049,4983,5041,5023,4878,4756,4908,4644,4755,4593,4672,4522,4512,4506,4221,4277,4129,4136,4247,4293,4433,4278
303,165,188,179,173,191,189,5073,5141,5068,5081,5166,4969,5153,5207,5069,5128,5298,5154,5250,5182,5239,5238,5204,5256,5110,5168,4877,4716,4765,4791,4477,4441,4661,4741,4797,4744,4974,4970,5008,5007,4804,4705,4841,4644,4649,4555,4668,4548,4549,4475,4269,4240,4204,4105,4279,4324,4499,4261
304,185,216,190,193,229,202,5132,5263,5114,5153,5150,5086,5196,5207,5121,5119,5373,5158,5256,5266,5310,5102,5271,5381,5214,5203,5125,4775,4849,4968,4590,4665,4613,4773,4770,4711,5046,4984,5057,4946,4838,4730,4830,4647,4716,4556,4668,4615,4592,4493,4389,4447,4383,4259,4433,4488,4676,4484
305,229,251,238,228,260,245,5176,5221,5159,5087,5222,5023,5212,5180,5062,5067,5350,5136,5301,5207,5254,5242,5293,5398,5358,5527,5131,4950,5041,5146,4751,4741,4638,4747,4815,4784,4995,4988,4993,4859,4855,4697,4836,4703,4657,4597,4681,4464,4551,4537,4442,4495,4466,4390,4495,4596,4687,4636
306,247,259,273,268,292,268,5191,5280,5101,5088,5181,5038,5143,5164,5112,5067,5297,5147,5177,5155,5307,5151,5210,5367,5325,5533,5357,5094,5181,5218,4954,4890,4576,4717,4732,4703,5032,4960,4888,4884,4876,4742,4865,4665,4678,4521,4631,4538,4631,4636,4712,4661,4734,4560,4698,4853,5016,4800
307,269,306,288,297,307,308,5100,5104,4989,4927,5156,4953,5135,5099,5050,4965,5292,4972,5088,5089,5208,5060,5151,5354,5401,5607,5452,5227,5222,5308,4916,5072,4513,4676,4717,4665,4927,4901,4877,4793,4715,4613,4742,4525,4627,4476,4632,4529,4600,4706,4623,4736,4720,4663,4842,4902,5042,4915
308,296,335,338,304,364,357,4967,5154,5016,4912,5062,4900,5096,5053,4959,4987,5219,4989,5082,5090,5146,5038,5193,5368,5544,5759,5641,5420,5485,5527,5159,5224,4510,4658,4678,4568,4767,4871,4792,4710,4719,4593,4645,4503,4590,4508,4560,4472,4576,4687,4789,4878,4886,4925,4956,5045,5207,5102
309,330,370,335,337,395,392,5003,5041,4944,4852,5013,4761,4873,4922,4818,4917,5092,4935,4946,4987,5080,4951,5102,5284,5542,5786,5748,5561,5768,5809,5301,5449,4413,4595,4496,4505,4724,4743,4797,4658,4526,4494,4572,4440,4492,4385,4452,4386,4541,4681,4845,4933,5034,4967,5125,5192,5402,5207
310,373,396,384,386,408,408,4838,4983,4826,4767,4909,4745,4881,4879,4776,4719,5017,4774,4939,4862,4935,4914,5055,5352,5605,5984,5948,5607,5863,5960,5600,5609,4405,4474,4506,4472,4575,4639,4600,4569,4547,4429,4401,4322,4381,4329,4362,4316,4562,4798,4994,5131,5264,5189,5326,5437,5593,5380
311,402,446,434,411,466,442,4702,4741,4707,4611,4799,4556,4739,4731,4656,4651,4815,4724,4760,4794,4853,4854,4958,5328,5657,6158,6035,5951,6207,6207,5647,5723,4225,4337,4388,4263,4474,4570,4533,4412,4406,4271,4302,4233,4315,4231,4347,4272,4486,4861,5090,5305,5423,5363,5515,5552,5776,5517
312,408,469,454,437,468,476,4628,4706,4567,4520,4668,4445,4624,4698,4571,4533,4740,4631,4618,4711,4758,4706,4930,5227,5681,6325,6320,6206,6336,6471,6070,6059,4144,4214,4296,4169,4381,4433,4399,4257,4289,4104,4302,4111,4202,4177,4316,4263,4515,5080,5374,5606,5697,5647,5877,5905,6197,5823
313,458,503,498,459,532,519,4580,4536,4504,4396,4510,4399,4539,4549,4406,4398,4644,4500,4544,4555,4688,4584,4889,5210,5868,6572,6565,6446,6681,6785,6279,6260,4051,4056,4116,4036,4212,4238,4228,4131,4076,4069,4118,3975,4080,4073,4214,4234,4478,5075,5506,5735,5759,5801,5994,6132,6384,5928
314,491,535,518,490,552,560,4415,4464,4345,4313,4420,4201,4365,4399,4364,4323,4493,4426,4446,4473,4566,4564,4751,5190,5911,6687,6868,6654,6903,6996,6484,6563,3921,4026,4073,3988,4138,4151,4062,3973,3977,3929,4014,3931,3888,4004,4121,4168,4431,5062,5614,5905,6178,6024,6272,6375,6572,6382
315,520,570,546,525,589,578,4281,4402,4213,4165,4294,4153,4219,4318,4255,4204,4410,4260,4315,4359,4476,4433,4711,5215,6039,6800,7076,7059,7250,7267,6643,6825,3779,3856,3836,3827,4044,4062,3995,3884,3911,3829,3879,3777,3896,3907,4065,4014,4377,5180,5725,6011,6370,6308,6420,6577,6790,6528
316,556,626,602,582,642,641,4209,4221,4081,3992,4186,4026,4196,4120,4049,4121,4232,4146,4168,4267,4365,4437,4667,5284,6282,7147,7423,7284,7517,7830,7008,7208,3680,3747,3813,3694,3800,3916,3817,3740,3774,3723,3746,3693,3815,3767,3993,4033,4392,5283,5966,6335,6588,6639,6816,6889,7103,6878
317,587,657,632,619,664,665,4077,4140,3956,3968,4073,3948,4090,4063,3959,3980,4143,4030,4104,4116,4304,4319,4616,5132,6298,7289,7586,7644,7919,7929,7202,7287,3585,3580,3649,3600,3772,3774,3722,3623,3670,3630,3613,3589,3657,3710,3912,3976,4366,5362,6108,6615,6768,6739,6876,7102,7280,6973
318,646,716,691,675,714,719,3990,3993,3888,3814,3933,3763,3948,3921,3815,3894,4038,3873,4032,3987,4185,4221,4599,5245,6545,7640,7895,7850,8194,8312,7623,7775,3436,3482,3522,3491,3610,3660,3605,3528,3572,3577,3537,3425,3575,3597,3844,3928,4429,5524,6394,6777,7173,7132,7446,7514,7746,7454
319,696,753,735,715,749,778,3839,3909,3735,3669,3849,3644,3802,3831,3706,3758,3907,3792,3913,3987,4089,4099,4482,5306,6616,7945,8181,8231,8610,8827,7882,8105,3397,3366,3423,3339,3459,3541,3489,3343,3399,3374,3469,3391,3474,3564,3681,3866,4410,5558,6711,7134,7464,7490,7623,7807,8094,7830
320,722,789,753,722,780,786,3713,3775,3636,3605,3696,3562,3711,3699,3640,3669,3750,3706,3789,3850,3992,4062,4409,5295,6788,8227,8567,8545,8896,9104,8317,8354,3252,3237,3256,3239,3386,3365,3409,3263,3337,3291,3366,3223,3359,3448,3721,3857,4460,5752,6886,7308,7758,7704,7838,8165,8385,8116
321,726,780,757,745,804,818,3611,3671,3540,3533,3561,3434,3582,3561,3506,3574,3663,3573,3684,3744,3919,4019,4381,5339,7071,8540,8796,9108,9507,9595,8583,8573,3140,3168,3121,3134,3192,3289,3224,3192,3183,3169,3176,3120,3255,3338,3579,3793,4472,5876,6915,7715,8001,7907,8171,8382,8531,8370
322,723,767,747,742,779,781,3487,3500,3368,3379,3470,3318,3439,3452,3372,3430,3571,3466,3578,3618,3844,3889,4370,5294,7173,8763,9208,9385,9584,9805,8794,8971,3021,3030,3033,2995,3105,3182,3124,3018,3058,3011,3109,2996,3155,3262,3514,3728,4379,6031,7197,7989,8258,8258,8459,8774,8941,8700
323,697,737,745,714,768,767,3314,3377,3299,3225,3331,3184,3303,3303,3266,3311,3428,3375,3444,3491,3694,3856,4248,5328,7278,9082,9420,9614,10148,10252,9100,9172,2841,2904,2906,2881,2948,3023,2988,2906,2936,2896,2971,2945,3061,3154,3405,3643,4360,6029,7317,8073,8450,8469,8723,8967,9234,8895
324,662,720,698,689,736,736,3224,3234,3085,3023,3176,3047,3164,3228,3113,3095,3258,3209,3326,3408,3599,3681,4230,5258,7411,9338,9833,9860,10354,10620,9579,9749,2707,2734,2760,2758,2799,2871,2861,2727,2823,2826,2812,2762,2981,3025,3312,3681,4369,6199,7768,8471,8866,8839,9143,9301,9636,9417
325,611,677,644,617,681,684,3084,3122,2974,2966,3075,2899,3020,3035,2973,3064,3163,3058,3142,3300,3515,3639,4105,5267,7540,9413,10102,10306,10668,11034,9625,9833,2597,2625,2651,2643,2671,2719,2688,2609,2648,2637,2668,2635,2790,2957,3261,3538,4372,6158,7893,8676,8992,9151,9413,9482,9787,9496
326,583,631,609,589,647,634,2921,2934,2853,2796,2910,2771,2877,2918,2802,2861,3007,2918,3035,3131,3371,3557,4088,5276,7584,9807,10390,10524,11038,11147,10168,10217,2519,2483,2505,2464,2550,2573,2523,2456,2521,2548,2568,2528,2698,2843,3148,3545,4300,6372,8056,8981,9209,9442,9538,9887,10287,9997
327,530,569,557,531,599,587,2764,2798,2745,2684,2775,2642,2740,2769,2706,2775,2860,2861,2926,3032,3260,3497,3982,5286,7897,10095,10547,10866,11335,11631,10495,10481,2328,2324,2330,2330,2382,2444,2357,2334,2343,2379,2393,2407,2568,2757,3059,3376,4413,6487,8392,9220,9519,9679,9954,10386,10593,10161
328,498,542,530,514,560,550,2638,2637,2551,2580,2671,2553,2647,2648,2576,2661,2715,2720,2863,2980,3174,3373,3932,5209,7934,10287,10937,11289,11822,11913,10704,10735,2216,2214,2245,2216,2250,2296,2286,2235,2275,2265,2311,2305,2484,2610,2972,3421,4265,6599,8411,9504,9696,9860,10087,10453,10745,10526
329,469,515,510,473,528,521,2506,2510,2482,2412,2527,2409,2489,2494,2525,2537,2603,2581,2728,2822,3065,3288,3835,5283,8043,10551,11047,11547,11927,12291,10807,10995,2126,2077,2125,2093,2121,2222,2180,2120,2144,2172,2210,2234,2387,2581,2899,3272,4284,6598,8599,9475,9909,9960,10368,10627,11027,10565
330,461,482,477,466,500,504,2409,2442,2360,2317,2412,2283,2348,2404,2354,2423,2532,2538,2647,2768,2951,3180,3859,5257,8056,10655,11321,11644,12186,12477,11001,11137,1978,2016,2021,1999,2071,2060,2028,2005,2009,2033,2118,2110,2314,2476,2859,3305,4269,6815,8725,9775,10204,10307,10578,10742,11215,11009
331,422,461,451,428,485,469,2323,2301,2256,2200,2265,2168,2278,2297,2263,2313,2438,2411,2531,2640,2908,3117,3802,5216,8285,10976,11654,11870,12480,12680,11383,11378,1894,1874,1906,1876,1940,1955,1918,1878,1939,1954,1976,2013,2202,2393,2749,3196,4307,6823,8849,10001,10340,10651,10989,11171,11467,11190
332,392,450,437,409,461,461,2184,2184,2139,2106,2171,2108,2184,2191,2150,2231,2311,2301,2432,2573,2765,3072,3718,5192,8337,11106,11815,12014,12639,12877,11460,11606,1807,1795,1814,1814,1802,1898,1836,1783,1865,1858,1897,1925,2091,2314,2722,3131,4282,6862,8951,10113,10340,10618,10914,11234,11602,11272
333,378,425,422,397,446,431,2085,2131,2030,1988,2053,1977,2054,2059,2071,2125,2218,2227,2361,2463,2731,2962,3634,5207,8367,11184,11905,12375,12772,13212,11749,11636,1703,1710,1705,1687,1727,1788,1775,1696,1752,1751,1760,1821,2014,2238,2592,3091,4212,6832,8945,10300,10656,10767,11037,11456,11679,11476
334,361,394,396,381,434,410,1990,1976,1925,1900,1962,1900,1951,1980,1958,2010,2136,2151,2249,2411,2660,2882,3559,5118,8353,11249,12183,12441,12933,13216,11752,11720,1639,1576,1622,1611,1634,1678,1645,1618,1675,1684,1709,1754,1949,2139,2526,3020,4104,6926,9225,10420,10765,10883,11223,11388,11837,11601
335,343,378,380,351,397,388,1885,1886,1847,1783,1877,1816,1893,1878,1891,1945,2019,2001,2146,2311,2543,2846,3540,5100,8426,11355,12093,12393,13057,13461,11937,11923,1535,1506,1531,1509,1533,1585,1577,1536,1547,1570,1615,1650,1843,2096,2446,2991,4165,6791,9262,10408,10789,10934,11406,11527,11917,11698
336,333,356,350,348,388,372,1785,1809,1748,1730,1802,1702,1781,1783,1764,1838,1920,1950,2092,2241,2439,2743,3426,5054,8412,11325,12155,12495,13060,13235,11924,11921,1442,1431,1445,1458,1458,1509,1506,1440,1481,1491,1533,1600,1781,1989,2404,2914,4124,6840,9186,10335,10710,11013,11351,11677,12081,11571
337,304,336,332,332,359,344,1686,1713,1677,1620,1682,1622,1693,1727,1685,1768,1842,1861,1997,2129,2383,2653,3388,4994,8365,11439,12248,12478,13336,13528,11914,12060,1367,1366,1361,1336,1388,1427,1395,1375,1401,1381,1428,1480,1693,1914,2308,2850,4031,6784,9236,10516,10869,10885,11343,11771,12054,11749
338,279,315,318,303,341,326,1617,1640,1560,1550,1612,1574,1615,1626,1648,1687,1745,1794,1904,2045,2302,2605,3288,4916,8337,11341,12185,12487,13197,13524,11858,11850,1302,1277,1290,1288,1295,1339,1317,1298,1322,1338,1357,1437,1655,1875,2221,2796,3998,6788,9168,10470,10667,10837,11357,11756,11874,11671
339,272,292,297,283,317,303,1523,1539,1479,1466,1522,1474,1539,1535,1528,1600,1651,1697,1821,1968,2194,2509,3181,4859,8311,11368,12039,12381,13167,13322,11932,11927,1194,1212,1209,1218,1240,1246,1233,1220,1244,1277,1311,1359,1550,1795,2175,2738,3896,6767,9190,10413,10790,10971,11329,11654,12030,11783
340,260,284,282,265,299,290,1446,1463,1435,1373,1461,1394,1466,1441,1458,1518,1598,1624,1733,1931,2128,2441,3094,4785,8250,11113,12038,12236,13017,13339,11692,11743,1136,1149,1143,1123,1160,1201,1191,1130,1175,1207,1259,1310,1465,1722,2101,2619,3842,6708,9044,10382,10679,10874,11346,11515,11868,11494
341,234,257,265,250,283,268,1352,1368,1337,1301,1378,1327,1383,1383,1404,1460,1524,1560,1674,1837,2067,2375,3086,4678,8066,11174,11914,12356,12966,13247,11617,11850,1070,1093,1064,1087,1110,1116,1113,1090,1109,1151,1198,1241,1413,1658,2039,2634,3783,6722,9078,10278,10689,10673,11212,11446,11840,11517
342,226,251,246,237,260,255,1277,1295,1261,1253,1306,1265,1316,1313,1311,1386,1460,1474,1598,1767,2003,2296,2976,4615,8031,11083,11873,12215,12816,13099,11535,11744,1013,1017,1019,1009,1035,1079,1056,1024,1049,1078,1132,1172,1357,1594,1972,2565,3680,6526,8855,10249,10601,10645,11164,11446,11597,11352
343,213,232,237,214,241,239,1209,1229,1201,1180,1206,1190,1243,1256,1245,1304,1395,1409,1551,1688,1916,2217,2918,4515,8015,10999,11746,12099,12847,13102,11535,11656,951,945,965,957,959,1006,1006,963,993,1013,1063,1107,1286,1519,1958,2454,3593,6432,8847,10097,10418,10683,10839,11336,11603,11286
344,197,217,216,202,236,219,1158,1183,1167,1130,1158,1111,1186,1205,1182,1257,1324,1341,1467,1609,1841,2132,2848,4416,7786,10747,11625,11962,12515,12829,11394,11442,904,895,913,910,932,955,943,920,960,953,1004,1058,1236,1473,1867,2433,3535,6344,8758,10109,10334,10435,10827,11173,11485,11170
345,185,202,206,189,218,207,1104,1109,1093,1055,1110,1079,1127,1153,1138,1182,1258,1278,1424,1565,1815,2067,2804,4392,7732,10799,11477,11698,12517,12774,11165,11386,857,836,880,862,873,908,913,865,906,914,966,1015,1185,1423,1795,2336,3537,6344,8598,9857,10272,10325,10810,11167,11444,11213
346,168,203,192,179,210,197,1051,1060,1026,1015,1060,1027,1066,1087,1086,1105,1206,1219,1357,1498,1719,2019,2673,4274,7588,10565,11424,11645,12400,12505,11163,11220,794,815,812,818,834,853,847,820,855,852,911,967,1128,1379,1768,2297,3443,6251,8550,9802,10022,10177,10561,10787,11061,10817
347,159,183,181,171,190,180,983,1014,964,964,1007,971,1007,1015,1019,1054,1153,1173,1301,1453,1680,1964,2639,4163,7564,10408,11254,11475,12136,12401,11009,10941,766,759,759,760,775,790,816,779,801,823,862,925,1090,1333,1679,2241,3359,6139,8465,9682,9926,10115,10332,10717,11144,10764
348,151,171,171,162,185,174,945,961,937,929,946,928,977,988,987,1016,1096,1134,1249,1416,1610,1904,2582,4087,7332,10193,11047,11392,12049,12274,10638,10933,718,719,733,734,741,765,761,752,775,781,833,885,1041,1257,1635,2189,3292,6043,8268,9506,9755,9964,10373,10511,10981,10601
349,140,158,154,156,169,156,908,905,889,864,883,878,926,932,947,974,1055,1087,1208,1355,1566,1849,2502,3998,7353,10094,10791,11180,11844,12075,10609,10692,693,684,694,679,687,721,718,704,720,744,772,847,1007,1229,1559,2130,3238,5857,8285,9366,9620,9618,10162,10451,10758,10421
350,133,152,150,142,156,147,858,859,852,824,856,841,868,899,905,941,1003,1044,1159,1312,1508,1805,2436,3956,7198,9982,10674,11012,11649,11904,10473,10628,643,653,643,649,657,687,702,661,704,722,755,822,967,1190,1548,2048,3154,5711,8002,9225,9307,9560,10017,10180,10606,10324
351,126,138,141,129,148,138,790,814,806,804,807,795,838,850,865,904,973,1003,1108,1248,1459,1734,2378,3842,6958,9803,10514,10809,11512,11672,10412,10388,606,605,619,600,629,648,642,629,645,674,715,761,923,1158,1467,2010,3095,5676,7923,9060,9342,9542,9765,10122,10412,10097
352,111,132,130,124,139,132,771,790,774,745,789,777,806,824,825,846,913,959,1072,1204,1399,1678,2297,3762,6855,9575,10399,10615,11276,11441,10095,10215,575,585,590,584,597,624,620,596,626,632,686,747,879,1078,1429,1970,2986,5577,7732,8699,9099,9258,9490,10022,10120,9837
353,106,122,120,116,128,120,732,737,733,736,743,725,757,788,785,815,883,908,1021,1165,1346,1630,2262,3693,6736,9364,10080,10376,11013,11222,9942,9884,559,546,565,546,567,591,590,590,588,612,654,711,839,1058,1407,1874,2915,5359,7619,8716,8978,9146,9375,9752,9946,9738
354,99,117,120,111,126,113,706,718,683,672,707,704,730,743,751,777,840,872,983,1118,1305,1575,2180,3597,6581,9103,9949,10162,10761,11107,9705,9777,504,523,531,525,542,554,555,549,573,588,611,684,809,1026,1360,1843,2839,5396,7376,8569,8712,8884,9279,9554,9793,9468
355,91,105,108,101,112,106,668,673,667,653,668,655,694,698,699,747,816,847,957,1076,1260,1490,2133,3482,6413,8970,9709,10011,10642,10709,9441,9598,486,495,510,495,503,521,536,519,529,548,590,637,782,976,1292,1801,2790,5209,7204,8359,8476,8663,9019,9323,9547,9242
356,86,102,100,94,113,98,633,650,642,623,639,646,662,680,686,729,772,807,915,1044,1203,1475,2030,3400,6304,8808,9474,9811,10259,10533,9237,9390,465,463,478,468,484,502,501,493,503,530,560,606,745,939,1256,1733,2722,5082,7019,8174,8318,8411,8846,9157,9326,9104
357,83,95,95,90,106,88,592,612,600,598,602,610,638,629,638,672,746,786,863,989,1170,1426,1978,3313,6099,8527,9201,9409,10034,10263,9021,9096,438,441,450,445,461,473,474,471,481,495,529,581,709,925,1215,1678,2660,4952,6966,8018,8099,8244,8602,8854,9179,8897
358,75,84,92,86,102,84,572,575,566,553,577,580,599,611,625,650,704,759,829,956,1139,1363,1926,3218,5921,8297,8953,9228,9783,10023,8877,8759,414,422,427,431,428,454,466,441,461,477,503,574,683,876,1165,1639,2587,4851,6715,7745,7954,8118,8433,8657,8963,8597
359,70,79,84,78,94,82,547,553,540,532,549,550,572,583,585,620,672,716,813,904,1090,1340,1853,3112,5800,8164,8795,9110,9483,9776,8591,8701,398,399,391,407,428,421,432,415,440,447,482,530,661,829,1133,1598,2492,4679,6547,7474,7746,7836,8246,8332,8638,8434
360,67,75,76,73,90,71,513,530,511,508,525,522,551,560,568,582,649,679,775,886,1036,1271,1814,2999,5602,7878,8601,8719,9257,9459,8310,8436,369,385,387,378,383,410,419,406,411,431,458,504,633,819,1091,1517,2395,4535,6424,7286,7518,7653,7850,8213,8474,8092
361,61,70,72,69,80,71,490,500,505,493,500,503,514,528,539,564,624,644,749,850,1013,1230,1738,2928,5471,7662,8294,8482,8996,9283,8057,8198,349,354,358,364,370,388,399,374,394,413,447,489,605,775,1039,1457,2342,4410,6154,7070,7284,7438,7770,7951,8254,7931
362,61,69,70,65,80,67,468,470,466,454,479,484,496,506,523,540,593,623,708,818,956,1189,1704,2850,5308,7446,8109,8318,8817,8919,7947,8038,332,342,342,346,359,365,373,365,382,381,421,465,578,735,1002,1442,2245,4313,5972,6893,7142,7220,7607,7733,7868,7796
363,56,61,67,64,72,60,449,455,450,442,450,453,483,488,500,520,563,597,685,787,942,1147,1632,2723,5159,7202,7912,8102,8505,8775,7668,7692,319,319,323,325,334,354,355,357,356,374,404,449,552,715,984,1382,2188,4152,5868,6743,6904,7065,7310,7523,7709,7496
364,52,58,60,59,69,55,415,433,421,423,436,443,451,462,476,502,543,562,642,751,891,1090,1562,2652,5034,7026,7582,7802,8280,8469,7446,7461,302,308,314,315,327,332,342,332,338,351,388,436,538,691,943,1315,2123,4055,5651,6496,6637,6826,7165,7274,7483,7301
365,49,54,62,54,64,52,405,417,414,401,411,406,433,439,459,475,522,544,624,732,868,1052,1526,2582,4835,6789,7408,7574,8017,8200,7159,7316,285,295,301,292,308,310,320,308,324,333,360,409,501,678,904,1280,2065,3938,5488,6289,6482,6581,6850,7045,7277,7061
366,46,52,58,51,60,49,387,394,390,378,406,398,419,422,434,461,507,526,614,685,832,1033,1453,2493,4673,6634,7156,7448,7768,7933,6909,7101,271,277,283,281,290,303,309,298,313,320,347,392,492,638,867,1249,1988,3806,5376,6176,6326,6419,6603,6815,7040,6840
367,44,48,50,49,60,49,367,374,370,368,379,380,395,403,410,438,487,504,574,665,791,992,1420,2415,4510,6428,6895,7190,7538,7734,6775,6859,259,258,277,269,275,291,293,283,292,306,338,373,465,604,850,1192,1892,3691,5203,5974,6160,6215,6533,6656,6723,6590
368,41,47,50,47,56,46,349,357,353,349,361,362,377,381,406,413,460,479,555,635,767,952,1371,2332,4407,6136,6700,6974,7243,7424,6589,6640,247,251,251,255,261,268,282,264,283,288,322,362,454,577,808,1137,1825,3545,4949,5667,5885,6078,6184,6431,6580,6354
369,38,45,47,44,52,43,335,343,344,331,347,343,362,378,376,391,443,470,526,615,730,915,1306,2248,4182,6006,6480,6692,7055,7245,6421,6394,235,242,238,237,253,263,263,265,266,287,306,343,435,555,770,1098,1792,3422,4824,5599,5683,5821,5954,6258,6411,6183
370,36,41,43,41,51,39,316,336,331,323,335,336,354,361,364,390,421,452,510,589,711,880,1271,2166,4120,5754,6271,6535,6817,7040,6097,6186,219,235,238,235,243,251,254,250,260,273,291,334,411,542,749,1074,1721,3336,4714,5439,5495,5616,5826,6069,6109,6120
371,36,40,41,42,47,41,308,317,312,310,323,320,336,339,348,368,412,431,490,573,680,832,1212,2116,3956,5614,6057,6328,6595,6746,5883,6001,219,222,223,218,233,238,249,236,246,255,279,314,397,526,723,1046,1671,3238,4527,5222,5315,5488,5628,5862,6022,5820
372,30,36,40,38,45,35,299,304,299,303,300,310,322,330,340,358,390,413,473,555,661,813,1189,2045,3844,5438,5889,6123,6292,6536,5737,5847,204,214,209,209,226,223,239,226,241,244,272,309,380,503,693,998,1620,3128,4421,5017,5179,5221,5484,5662,5779,5681
373,33,36,38,35,44,35,282,287,280,283,290,294,298,310,319,336,376,396,452,532,635,793,1125,1933,3660,5267,5651,5904,6188,6342,5523,5594,197,205,203,199,214,224,224,217,217,238,261,295,367,481,667,953,1556,2984,4241,4857,4989,5071,5266,5430,5628,5436
374,30,34,37,34,40,32,272,284,279,274,286,281,297,303,314,327,360,384,432,510,607,755,1083,1874,3556,5023,5489,5748,5928,6066,5393,5363,186,193,194,197,201,208,209,213,216,226,251,283,353,462,640,927,1509,2877,4047,4690,4787,4889,5088,5205,5335,5281
375,26,32,35,32,41,30,267,263,268,263,266,276,288,299,295,319,350,370,419,485,572,729,1058,1823,3472,4925,5270,5487,5786,5891,5179,5197,176,187,188,185,193,203,212,200,202,218,241,270,334,447,617,902,1450,2783,3968,4587,4653,4705,4974,5094,5226,5098
376,27,30,36,33,38,31,252,258,253,256,262,263,277,280,285,305,334,351,405,466,560,700,1016,1743,3318,4692,5098,5309,5524,5685,4954,4986,171,171,182,180,185,197,197,195,197,210,229,255,320,426,591,865,1394,2687,3822,4398,4469,4627,4754,4957,5028,4833
377,25,29,33,30,37,27,238,253,242,244,249,251,266,264,282,287,320,338,383,453,536,665,974,1666,3182,4565,4877,5110,5285,5449,4796,4819,153,166,169,170,178,182,188,183,188,196,221,249,308,422,566,811,1338,2604,3652,4215,4269,4410,4582,4667,4856,4693
378,25,31,32,28,36,28,227,233,234,236,242,240,251,263,265,276,311,323,376,439,521,642,938,1602,3076,4368,4742,4957,5162,5258,4571,4673,161,164,167,167,169,178,180,175,179,192,212,235,300,394,552,790,1290,2520,3556,4077,4116,4206,4437,4524,4686,4564
379,22,27,31,29,36,27,224,228,230,222,229,237,243,256,257,273,304,318,359,422,500,624,900,1567,2966,4215,4583,4795,4940,5096,4479,4470,150,159,160,159,163,171,175,173,178,187,203,231,284,376,519,775,1263,2392,3436,3865,4086,4114,4301,4377,4551,4446
380,23,25,30,27,31,25,216,223,217,221,223,227,235,237,239,259,290,300,345,401,479,590,860,1501,2854,4005,4415,4579,4771,4869,4274,4318,145,155,155,154,156,164,164,164,169,174,194,221,276,356,503,723,1194,2305,3249,3736,3823,3894,4093,4204,4292,4197
381,21,25,28,26,31,25,209,211,211,210,213,219,225,233,240,248,277,294,328,381,461,578,836,1443,2762,3890,4226,4388,4528,4698,4116,4191,141,149,150,146,151,160,165,155,167,167,188,214,263,345,492,699,1160,2235,3156,3617,3744,3799,3885,4009,4199,4071
382,21,25,29,25,30,23,200,204,206,200,202,207,222,224,229,241,264,274,322,374,440,544,805,1385,2651,3746,4049,4216,4436,4485,3944,3973,135,139,143,140,147,148,156,151,155,161,180,204,253,330,469,682,1102,2138,3055,3482,3596,3624,3754,3943,3995,3854
383,20,24,26,25,27,23,196,199,198,191,200,205,213,215,227,236,259,272,303,357,424,533,775,1332,2529,3557,3873,4003,4196,4324,3800,3858,131,135,136,136,142,145,149,148,154,157,177,191,241,317,453,651,1054,2073,2900,3342,3419,3519,3642,3721,3797,3749
384,18,23,26,24,28,23,186,183,192,186,192,192,203,208,209,215,248,261,290,343,406,508,737,1266,2413,3410,3684,3876,4022,4117,3644,3642,122,129,134,129,140,138,141,137,145,151,163,189,235,298,423,615,1020,1950,2776,3179,3278,3322,3457,3527,3659,3587
385,17,24,24,23,28,20,181,187,177,186,182,184,191,201,204,213,232,254,279,328,381,483,712,1204,2317,3232,3537,3677,3851,3905,3495,3458,117,127,124,126,135,132,139,133,140,141,158,181,224,283,412,584,973,1855,2647,3044,3095,3153,3344,3420,3525,3397
386,17,21,24,22,26,21,170,174,170,175,179,179,189,192,196,203,230,242,275,316,370,459,664,1154,2199,3122,3393,3501,3627,3800,3353,3334,111,122,124,121,125,129,136,129,133,133,150,171,212,277,384,570,931,1779,2524,2911,2946,2986,3140,3240,3334,3266
387,17,21,23,21,26,19,163,170,168,169,174,169,179,183,189,195,221,228,257,301,354,439,637,1093,2069,2936,3194,3350,3506,3606,3150,3135,107,118,117,116,120,128,129,123,128,133,143,162,198,261,363,537,865,1671,2394,2750,2803,2867,2994,3076,3135,3074
388,18,20,22,21,25,19,159,159,164,161,164,166,171,176,185,188,210,217,249,282,340,416,608,1040,2015,2847,3077,3215,3353,3436,3022,3044,102,112,114,111,113,120,123,119,118,128,141,155,194,259,355,512,836,1616,2313,2671,2707,2760,2825,2943,3008,2952
389,15,19,23,22,25,19,151,156,154,157,159,159,171,177,173,186,204,206,240,280,327,397,584,1008,1913,2723,2916,3045,3167,3264,2878,2869,98,108,107,107,113,114,118,113,118,123,133,148,190,240,335,499,796,1567,2187,2526,2606,2656,2757,2800,2910,2852
390,15,19,23,19,23,18,145,155,151,147,151,160,160,162,166,178,196,202,226,266,306,382,551,953,1839,2582,2809,2959,3049,3123,2730,2752,96,101,104,103,108,109,116,110,114,117,127,144,176,233,328,467,762,1493,2088,2389,2456,2482,2639,2701,2741,2673
391,15,17,21,20,24,16,142,144,145,143,149,149,156,160,161,167,186,191,222,256,298,358,537,914,1725,2465,2656,2792,2882,2975,2637,2637,95,98,101,98,101,106,109,105,108,112,124,140,170,220,304,440,730,1410,2009,2310,2377,2407,2475,2528,2645,2564
392,15,19,20,18,25,16,136,140,141,143,144,144,148,152,158,162,180,185,210,242,284,351,510,865,1636,2337,2534,2636,2749,2826,2482,2499,90,99,95,95,98,103,109,101,105,105,119,133,165,210,297,428,695,1347,1918,2187,2271,2306,2392,2469,2506,2458
393,15,17,20,17,23,17,137,132,134,135,139,135,140,147,152,160,173,181,202,232,270,333,492,826,1603,2245,2445,2559,2632,2702,2385,2434,89,96,94,92,95,99,103,99,99,106,113,128,156,203,280,411,663,1274,1806,2106,2166,2171,2279,2339,2403,2320
394,13,17,21,17,22,18,131,129,131,132,134,139,138,148,146,151,169,175,196,225,263,327,468,788,1517,2143,2315,2417,2515,2581,2291,2285,87,92,90,89,92,96,100,96,97,99,109,122,151,194,273,393,636,1235,1765,2022,2060,2100,2193,2267,2349,2239
395,13,18,21,19,22,17,127,128,127,128,130,129,139,140,140,145,161,167,188,218,252,309,451,769,1466,2082,2242,2326,2429,2468,2188,2204,81,90,90,85,89,91,99,92,95,97,107,120,142,187,260,373,601,1166,1691,1916,1968,2012,2072,2151,2218,2144
396,13,17,20,17,20,16,124,123,124,122,126,124,131,129,136,138,155,162,180,205,234,291,425,729,1375,1964,2118,2229,2296,2353,2055,2100,82,89,86,81,85,91,93,91,91,92,104,115,136,180,249,349,581,1121,1612,1850,1893,1907,1979,2021,2103,2051
397,13,16,20,17,22,17,122,120,120,119,124,123,128,130,136,137,150,158,174,195,229,284,407,701,1335,1867,2055,2164,2213,2273,1997,2041,77,89,84,84,81,86,94,90,88,89,98,109,137,170,235,344,548,1082,1553,1757,1838,1845,1922,1980,2019,1971
398,15,17,19,17,21,17,118,118,116,118,120,123,126,125,132,132,150,152,168,198,224,273,391,667,1290,1813,1934,2045,2150,2149,1916,1932,78,85,81,77,85,86,90,88,87,91,95,110,129,166,231,334,539,1047,1495,1693,1756,1761,1823,1879,1916,1919
399,13,17,20,16,22,17,118,115,116,115,118,113,123,125,126,132,143,146,171,193,220,274,381,652,1260,1772,1909,1999,2073,2111,1892,1880,79,82,80,78,80,82,91,84,86,87,98,109,129,161,224,323,526,1011,1434,1655,1692,1724,1800,1829,1892,1838
400,14,16,21,16,23,18,114,114,114,117,117,117,123,125,127,133,142,148,168,189,215,261,373,645,1219,1732,1864,1955,2044,2052,1851,1856,74,86,82,77,79,83,93,86,81,86,94,108,128,156,222,318,513,997,1413,1613,1646,1670,1733,1801,1833,1777
401,13,16,17,15,19,16,104,104,101,104,103,107,109,111,117,115,130,131,144,170,189,232,334,566,1074,1513,1631,1714,1782,1823,1589,1610,68,80,73,67,70,74,82,75,77,77,81,92,113,141,191,283,451,871,1235,1433,1460,1467,1513,1561,1641,1590
402,11,15,19,16,20,18,109,104,102,104,105,104,106,110,113,115,127,133,146,165,186,226,326,550,1053,1468,1609,1661,1733,1756,1560,1559,65,75,72,70,73,73,79,81,77,74,81,92,110,138,191,276,441,855,1198,1391,1428,1440,1507,1511,1608,1527
403,11,15,19,17,21,18,108,106,102,106,104,106,109,110,112,114,129,130,144,160,185,225,325,545,1026,1442,1562,1643,1701,1726,1572,1539,65,79,71,70,73,74,84,76,75,75,84,91,107,138,184,272,436,825,1173,1363,1397,1406,1459,1496,1557,1526
404,14,17,21,16,21,18,102,100,97,100,98,105,106,109,109,112,128,128,140,159,178,223,317,526,998,1386,1544,1565,1644,1677,1484,1495,66,77,72,66,70,75,85,79,73,74,81,91,106,134,181,262,422,809,1138,1321,1328,1366,1419,1456,1483,1453
405,14,17,21,15,21,18,106,99,99,96,100,99,102,107,111,108,126,125,137,153,171,211,299,501,938,1326,1461,1518,1585,1603,1401,1409,65,75,70,67,69,72,81,73,71,71,77,87,104,127,175,252,399,766,1083,1250,1269,1287,1341,1371,1419,1392
406,14,17,19,17,22,19,102,97,98,98,100,95,103,104,106,109,120,119,131,151,170,207,296,483,924,1303,1416,1478,1512,1544,1378,1387,64,77,71,65,68,71,82,74,70,73,74,82,96,121,165,242,391,738,1049,1223,1223,1259,1296,1346,1383,1343
407,14,17,22,18,22,22,102,100,99,97,96,94,101,105,104,107,119,123,134,148,162,197,280,476,884,1252,1351,1415,1443,1480,1325,1334,62,79,68,65,65,70,80,74,72,70,76,85,98,119,162,237,374,720,1012,1181,1193,1211,1262,1294,1347,1299
408,14,16,22,17,22,19,101,94,94,97,94,97,101,103,101,104,119,117,128,147,161,189,279,453,849,1188,1321,1369,1412,1429,1285,1275,61,77,69,63,65,72,81,69,70,69,75,85,98,118,159,234,362,691,965,1122,1132,1148,1207,1245,1262,1251
409,14,19,23,17,22,22,100,90,91,93,91,90,95,97,100,97,116,118,129,142,153,190,265,438,816,1152,1256,1317,1364,1372,1219,1216,63,74,65,62,65,68,78,73,71,70,73,81,93,114,150,216,349,663,939,1078,1106,1122,1154,1191,1225,1207
410,13,18,22,18,23,22,102,95,92,94,92,92,92,99,97,100,117,111,122,134,152,182,259,430,788,1112,1187,1253,1292,1324,1161,1185,61,75,65,62,65,67,78,73,69,67,73,79,91,113,149,215,336,640,901,1040,1068,1098,1113,1151,1201,1155
411,13,16,22,15,23,22,101,91,92,89,90,93,94,95,97,96,110,114,119,137,150,175,249,400,768,1054,1162,1223,1251,1267,1104,1116,59,75,69,62,64,67,77,70,68,68,71,81,90,112,143,211,332,618,855,1009,1017,1038,1075,1096,1130,1106
412,13,16,23,15,23,24,100,89,90,94,88,88,92,97,93,96,113,111,118,137,142,167,234,388,732,1027,1116,1151,1195,1222,1072,1085,60,76,64,61,67,66,74,68,69,64,69,78,85,107,139,200,312,592,828,959,976,982,1021,1041,1097,1058
413,14,18,23,18,24,21,101,90,89,87,84,90,88,96,96,93,109,110,115,129,145,166,233,382,713,979,1081,1109,1134,1144,1041,1038,60,74,67,57,62,67,77,70,67,69,71,77,88,104,133,198,304,560,808,920,942,946,986,997,1055,1020
414,14,16,23,17,24,21,97,87,87,89,84,88,83,93,94,92,109,103,115,127,136,162,224,367,674,925,1026,1063,1106,1119,986,983,57,73,67,58,61,65,74,67,67,64,71,76,86,99,131,185,288,537,764,879,902,914,916,958,998,968
415,14,17,21,15,22,23,100,82,86,88,84,88,89,89,89,90,105,104,112,125,134,156,216,356,642,890,983,1022,1069,1067,933,947,58,72,63,57,61,62,72,64,65,66,69,76,83,101,126,181,279,520,726,843,863,888,906,926,975,938
416,15,19,24,18,22,21,98,86,84,88,85,83,84,88,88,89,103,105,111,121,129,155,217,331,623,856,942,983,1012,1018,921,917,57,77,62,59,61,64,74,67,68,64,69,73,83,97,122,178,270,513,706,821,828,832,883,905,916,906
417,14,17,24,16,24,21,98,83,81,90,81,84,84,87,87,88,99,102,107,121,128,146,205,320,611,826,899,952,972,989,874,879,56,75,61,57,60,63,71,68,66,63,68,74,84,96,117,175,265,484,674,797,798,803,831,849,886,863
418,15,19,22,16,22,22,94,81,84,86,79,81,85,86,89,85,98,99,107,114,125,140,202,315,580,795,862,908,938,953,833,843,54,75,63,58,58,64,73,67,65,64,69,75,81,91,118,167,257,460,644,752,760,769,797,809,846,812
419,14,18,24,16,21,22,96,83,82,84,81,82,84,84,86,84,100,101,106,114,121,142,190,298,550,756,827,865,890,899,799,813,57,76,61,55,60,61,75,66,63,63,68,69,77,90,114,160,243,443,616,700,731,742,765,782,796,784
420,12,16,22,17,22,23,93,84,79,83,79,83,83,88,82,83,95,101,104,113,121,138,190,290,528,720,797,828,866,861,764,759,58,74,61,55,59,62,71,64,63,61,70,73,75,89,110,158,236,425,599,701,702,711,737,748,761,763
